,Date,Open,Close,PercentChange,10DayEMA,40DayEMA,Time,Low
0,2005-09-29,1222.5,1231.75,0.7566462167689192,1226.2854215994894,1226.5529085539474,11:10:00,1216.25
1,2005-10-19,1182.25,1200.5,1.5436667371537371,1194.1690557845786,1211.3437724230967,09:50:00,1173.75
2,2005-10-24,1183.75,1202.5,1.5839493136219573,1192.3484159781801,1208.2264873749025,09:30:00,1186.25
3,2005-10-25,1202.0,1199.0,-0.24958402662229595,1193.5577948912382,1207.7764148200292,14:30:00,1191.75
4,2005-10-26,1198.75,1196.0,-0.22940563086548682,1194.0018321837404,1207.2019555605154,15:55:00,1193.75
5,2005-10-28,1181.5,1199.75,1.5446466356326738,1193.3359372469665,1205.6922512834883,10:50:00,1183.0
6,2005-10-31,1199.75,1209.75,0.8335069806209683,1196.3203122929726,1205.8901902452692,09:35:00,1204.0
7,2005-11-01,1204.0,1206.25,0.18687707641196205,1198.1257100578866,1205.9077419406217,15:10:00,1203.75
8,2005-11-02,1206.25,1218.0,0.9740932642487099,1201.739217320089,1206.4976081874206,09:35:00,1202.5
9,2005-11-03,1218.0,1223.75,0.4720853858784846,1205.7411778073456,1207.3391882758392,15:20:00,1218.5
10,2006-02-14,1265.75,1278.25,0.9875567845151201,1271.1446926600886,1271.5716292192808,09:50:00,1263.0
11,2006-05-25,1261.25,1276.0,1.1694747274529238,1275.8866351349243,1295.3434801370208,10:25:00,1263.25
12,2006-05-26,1276.0,1282.75,0.5289968652037569,1277.134519655847,1294.7291640327758,10:50:00,1274.25
13,2006-06-01,1273.0,1285.75,1.0015710919088816,1275.8516640338935,1291.703643029849,09:35:00,1270.75
14,2006-06-02,1285.75,1288.25,0.19443904335991746,1278.1059069368218,1291.5351726381489,12:05:00,1281.25
15,2006-06-15,1241.0,1267.75,2.1555197421434302,1257.8771716455567,1278.515323196427,09:35:00,1244.5
16,2006-06-16,1267.75,1260.0,-0.6113192664168765,1258.2631404372735,1277.6121366990403,12:50:00,1256.75
17,2006-06-21,1252.5,1261.75,0.7385229540918248,1256.8514871365683,1274.38821022403,09:35:00,1250.5
18,2006-06-26,1255.75,1260.25,0.358351582719485,1257.1647138411408,1272.010501041471,12:15:00,1253.25
19,2006-06-28,1249.75,1257.75,0.6401280256051134,1256.1681142242348,1270.281958408136,11:30:00,1246.5
20,2006-06-29,1257.75,1282.5,1.9677996422182487,1260.9557298198285,1270.8779604370072,09:35:00,1261.25
21,2006-06-30,1282.0,1279.5,-0.19500780031200815,1264.3274153071325,1271.298547732763,10:30:00,1279.25
22,2006-07-03,1281.75,1288.25,0.5071191730056546,1268.676976160381,1272.1254478433598,09:40:00,1282.75
23,2006-07-05,1288.0,1279.75,-0.6405279503105543,1270.6902532221297,1272.4973772168544,11:05:00,1274.0
24,2006-07-06,1279.75,1282.75,0.2344207853096414,1272.8829344544697,1272.9975051574954,14:40:00,1279.5
25,2006-07-19,1246.0,1262.5,1.3242375601926204,1258.3618202941316,1267.8346075338868,09:30:00,1246.75
26,2006-07-24,1244.5,1267.5,1.8481317798312524,1257.497946652458,1266.1475469639533,09:30:00,1249.5
27,2006-07-25,1267.25,1271.5,0.33537186821859244,1260.0437745338293,1266.4086422340042,12:05:00,1262.5
28,2006-07-26,1271.25,1273.25,0.15732546705997663,1262.4449064367693,1266.742367003077,10:20:00,1266.75
29,2006-07-27,1273.5,1272.25,-0.09815469179427216,1264.2276507209929,1267.0110320273172,15:35:00,1266.75
30,2007-03-08,1404.5,1417.25,0.9077963688145285,1409.2892962471647,1426.9222269908669,09:30:00,1402.25
31,2007-03-09,1417.25,1417.5,0.017639795378365797,1410.7821514749528,1426.462606162044,14:40:00,1410.0
32,2007-03-12,1417.5,1419.5,0.1410934744268122,1412.3672148431433,1426.1229668370663,10:00:00,1411.0
33,2007-03-19,1397.75,1415.75,1.2877839384725531,1407.1977365509854,1420.9738814012885,10:15:00,1404.75
34,2007-03-20,1415.5,1423.5,0.5651713175556239,1410.1617844508062,1421.0971066987865,09:35:00,1412.75
35,2007-03-21,1423.5,1445.0,1.5103617843343908,1416.4960054597504,1422.2631014939677,10:00:00,1421.0
36,2007-03-22,1445.0,1445.0,0.0,1421.678549921614,1423.372218494262,11:10:00,1441.0
37,2007-08-07,1468.25,1482.5,0.9705431636301665,1481.5893158068586,1509.1882282343606,14:40:00,1460.75
38,2007-08-08,1482.0,1504.0,1.4844804318488558,1485.663985660157,1508.9351439302454,15:30:00,1483.25
39,2007-08-17,1424.75,1450.0,1.7722407439901833,1449.981190873163,1488.6432566379176,10:55:00,1425.25
40,2007-08-21,1448.75,1450.25,0.10353753235547991,1449.8841029812083,1484.9309300096804,09:35:00,1443.25
41,2007-08-22,1450.25,1468.75,1.2756421306671317,1453.314266075534,1484.1416163506717,13:20:00,1454.5
42,2007-08-23,1468.0,1466.5,-0.1021798365122617,1455.7116722436185,1483.2810496994193,13:00:00,1457.0
43,2007-08-24,1466.5,1483.5,1.1592226389362414,1460.7640954720514,1483.2917302018868,09:40:00,1463.75
44,2007-08-27,1483.25,1469.75,-0.9101634923310287,1462.3978962953147,1482.6311579969167,16:00:00,1468.75
45,2007-08-29,1438.5,1465.5,1.8769551616266922,1459.3696661150452,1479.7361637794827,10:15:00,1439.0
46,2007-08-30,1465.25,1461.5,-0.25592902235113124,1459.7569995486733,1478.8465948146297,09:35:00,1452.5
47,2007-08-31,1461.5,1476.75,1.0434485118029357,1462.846635994369,1478.7443218968428,11:15:00,1467.75
48,2007-09-04,1476.0,1489.5,0.9146341463414531,1467.692702177211,1479.2689891213872,09:30:00,1472.75
49,2007-09-05,1488.75,1476.5,-0.822837951301425,1469.2940290540816,1479.1339164813194,14:55:00,1468.25
50,2007-09-06,1476.25,1479.5,0.22015241320914036,1471.1496601351575,1479.1517742139379,10:25:00,1469.5
51,2007-09-11,1454.75,1472.75,1.2373260010311027,1467.687905513546,1476.874081841479,09:35:00,1458.5
52,2007-09-12,1472.0,1476.25,0.2887228260869623,1469.2446499656285,1476.8436388248215,09:40:00,1466.5
53,2007-09-13,1488.25,1498.0,0.6551318662858963,1474.4728954264233,1477.8756564431228,09:50:00,1491.5
54,2007-09-14,1497.75,1498.0,0.016691704223004145,1478.7505508034374,1478.8573317385801,09:40:00,1486.5
55,2007-11-28,1426.25,1470.5,3.1025416301490027,1447.683430770055,1486.5558310269048,09:30:00,1440.75
56,2007-11-29,1471.0,1471.5,0.03399048266485849,1452.0137160845904,1485.8214002451045,10:15:00,1460.75
57,2007-11-30,1470.5,1483.75,0.9010540632437891,1457.7839495237556,1485.720356330709,15:15:00,1473.0
58,2007-12-03,1484.0,1475.5,-0.5727762803234504,1461.0050496103454,1485.2218023633573,15:15:00,1472.0
59,2007-12-04,1475.5,1463.25,-0.8302270416807866,1461.4132224084642,1484.1500071261203,09:40:00,1462.5
60,2007-12-05,1463.5,1487.0,1.605739665186201,1466.0653637887435,1484.2890311687484,09:45:00,1476.75
61,2007-12-06,1487.25,1507.5,1.3615733736762392,1473.5989340089718,1485.4212735507606,09:30:00,1483.5
62,2007-12-07,1507.5,1507.25,-0.016583747927034764,1479.717309643704,1486.4860894751137,15:55:00,1504.5
63,2007-12-10,1506.5,1518.75,0.8131430467972045,1486.8141624357577,1488.0599387690104,09:45:00,1506.75
64,2007-12-12,1477.25,1490.25,0.8800135386698216,1486.1276624569946,1487.699980290104,15:20:00,1468.75
65,2007-12-21,1474.0,1498.0,1.6282225237449044,1479.8403476099356,1484.5142773003968,09:40:00,1484.5
66,2007-12-24,1497.0,1506.5,0.634602538410145,1484.687557135402,1485.5867515784262,09:35:00,1499.5
67,2008-01-29,1353.75,1362.0,0.6094182825484795,1358.7450987938419,1417.784955357195,10:05:00,1351.0
68,2008-01-31,1349.75,1379.5,2.2041118725689923,1361.292173572737,1412.7953105879199,09:35:00,1333.0
69,2008-02-01,1373.0,1397.0,1.7479970866715266,1367.7845056504211,1412.0248076324117,10:50:00,1376.5
70,2008-02-04,1396.75,1378.75,-1.2887059244675148,1369.778231895799,1410.401646284489,16:00:00,1380.25
71,2008-02-12,1337.75,1349.75,0.8970285927863975,1348.6854840657109,1391.8502229779115,15:40:00,1339.75
72,2008-02-13,1349.5,1363.75,1.0559466469062695,1351.4244869628542,1390.4794803936231,10:40:00,1351.25
73,2008-02-19,1350.0,1355.5,0.4074074074074119,1352.0878670142154,1385.2103538467131,15:55:00,1345.25
74,2008-02-20,1355.0,1359.0,0.2952029520295163,1353.3446184661761,1383.931800000532,10:10:00,1336.25
75,2008-02-22,1346.5,1355.5,0.6683995544003007,1352.7926784773574,1380.8312122550915,15:20:00,1327.0
76,2008-02-25,1354.5,1371.5,1.2550756736803281,1356.1940096632925,1380.3760311694773,10:05:00,1346.25
77,2008-02-26,1371.0,1382.75,0.8570386579139333,1361.022371542694,1380.4918345270637,10:45:00,1363.75
78,2008-02-27,1381.75,1380.5,-0.09046499004885522,1364.5637585349314,1380.4922328428165,09:35:00,1372.5
79,2008-02-28,1380.0,1365.75,-1.0326086956521707,1364.7794388013074,1379.773099533411,11:40:00,1363.5
80,2008-03-11,1276.5,1324.0,3.7211124167645826,1321.4742850501088,1358.1927325412064,12:50:00,1286.25
81,2008-03-18,1281.5,1334.0,4.096761607491217,1312.6093756507184,1346.8160706275146,14:35:00,1296.25
82,2008-03-20,1300.5,1324.75,1.8646674356016968,1312.8666068405632,1343.5441662251337,09:45:00,1295.5
83,2008-03-24,1326.25,1351.5,1.9038642789820814,1319.890860142279,1343.9322556775662,09:30:00,1335.5
84,2008-03-25,1351.5,1351.5,0.0,1325.6379764800465,1344.3014139371971,10:05:00,1342.0
85,2008-03-26,1351.25,1335.5,-1.1655874190564242,1327.4310716654925,1343.872076671968,10:50:00,1337.5
86,2008-03-27,1335.0,1329.75,-0.393258426966292,1327.8526949990392,1343.1831948830913,16:00:00,1326.5
87,2008-04-01,1321.25,1370.5,3.727530747398289,1333.9561342256195,1342.5582179200833,09:35:00,1338.0
88,2008-04-02,1370.25,1371.0,0.05473453749316182,1340.691382548234,1343.9456219239814,15:10:00,1363.0
89,2008-07-17,1240.0,1253.5,1.0887096774193639,1249.0653061649007,1303.3115521598468,11:15:00,1241.0
90,2008-07-18,1250.25,1260.5,0.8198360327934306,1251.144341407646,1301.2231837618053,13:15:00,1251.5
91,2008-07-21,1259.25,1261.5,0.17867778439546456,1253.0271884244376,1299.2854674807415,15:10:00,1255.0
92,2008-07-22,1258.0,1274.25,1.2917329093799612,1256.885881438176,1298.064225164608,09:50:00,1248.75
93,2008-07-23,1275.0,1282.5,0.588235294117645,1261.5429939039623,1297.3049946687734,09:45:00,1275.5
94,2008-07-29,1234.75,1261.75,2.186677465073905,1255.9075256474214,1288.9285532893693,09:45:00,1237.25
95,2008-07-30,1261.5,1284.75,1.8430439952437538,1261.1516118933446,1288.7247214215952,13:15:00,1264.0
96,2008-07-31,1284.5,1267.0,-1.3623978201634857,1262.2149551854636,1287.6649789132246,16:00:00,1265.0
97,2008-08-05,1249.25,1283.0,2.7016209725835516,1263.751842471978,1284.4216985266255,09:50:00,1257.5
98,2008-08-06,1282.75,1287.75,0.38978756577665585,1268.1151438407094,1284.5840546960583,10:45:00,1275.25
99,2008-08-08,1268.0,1292.25,1.9124605678233486,1272.4861706702268,1284.1884873246308,09:35:00,1262.0
100,2008-08-11,1291.5,1305.0,1.0452961672473782,1278.3977760029127,1285.2036830648929,09:35:00,1290.75
101,2008-08-12,1303.75,1291.5,-0.9395973154362469,1280.7799985478375,1285.5108204763615,15:45:00,1285.25
102,2008-08-13,1291.25,1284.5,-0.5227492739593442,1281.4563624482305,1285.4615121604413,12:10:00,1274.5
103,2008-08-14,1284.75,1293.75,0.7005253940455258,1283.6915692758248,1285.8658286404195,09:35:00,1275.25
104,2008-08-22,1275.25,1292.25,1.3330719466771113,1282.2389038636056,1284.8054591566743,09:35:00,1282.75
105,2008-08-27,1271.5,1282.0,0.825796303578441,1278.7195048208625,1283.2548647250437,09:55:00,1269.5
106,2008-08-28,1281.75,1298.0,1.2677979325141475,1282.2250493988874,1283.9741396165048,09:35:00,1288.0
107,2008-08-29,1297.0,1282.5,-1.1179645335389399,1282.2750404172716,1283.902230366919,16:00:00,1282.5
108,2008-09-08,1263.5,1267.0,0.27700831024930483,1266.6161424741194,1278.3359338415444,12:15:00,1246.75
109,2008-09-12,1252.0,1258.5,0.5191693290734767,1254.910184466409,1271.9800321479117,09:55:00,1234.5
110,2008-09-19,1203.25,1246.0,3.5528776231041004,1225.7687470587389,1257.339304570668,10:50:00,1237.5
111,2008-09-25,1192.25,1213.5,1.7823443069825862,1212.7478484702126,1247.2807238847413,09:40:00,1193.75
112,2008-09-26,1212.25,1214.5,0.18560527943904948,1213.0664214756284,1245.6816641830465,09:50:00,1189.75
113,2008-10-20,937.5,990.5,5.653333333333332,981.7591779269379,1112.5693350801591,11:15:00,943.0
114,2008-10-28,836.5,938.75,12.223550508069337,923.4196004408932,1057.8281929518032,11:00:00,843.5
115,2008-10-29,938.75,927.0,-1.2516644474034666,924.0705821789127,1051.4463298809835,16:00:00,918.5
116,2008-10-30,927.75,961.5,3.637833468067897,930.8759308736558,1047.0587040331307,11:55:00,926.75
117,2008-10-31,959.75,967.25,0.7814535035165493,937.4893979875364,1043.1655965193193,09:50:00,942.75
118,2008-11-03,965.75,969.5,0.38829924928811543,943.3095074443479,1039.5721527866694,15:10:00,957.0
119,2008-11-04,969.5,1003.25,3.4811758638473522,954.2077788181027,1037.8003404556123,10:05:00,980.0
120,2008-11-05,1002.5,958.0,-4.4389027431421475,954.8972735784475,1033.907640921192,16:00:00,947.0
121,2008-11-24,801.0,848.0,5.867665418227208,843.0049696443689,947.6914869634123,09:50:00,807.25
122,2008-11-25,847.25,853.25,0.7081735025081137,844.8677024363018,943.084585160319,14:20:00,833.5
123,2008-11-26,853.0,886.25,3.8980070339976525,852.3917565387923,940.3121663720107,09:30:00,837.75
124,2008-11-28,886.5,895.25,0.9870276367738295,860.1841644408299,938.1140119148394,10:45:00,880.25
125,2008-12-03,848.5,868.5,2.3571007660577514,854.6241591866001,925.1823910386724,10:05:00,826.25
126,2008-12-05,847.5,872.5,2.9498525073746285,856.8145197860711,919.007981421666,10:45:00,817.0
127,2008-12-08,872.25,904.75,3.7259959873889414,865.530061643149,918.3124701328043,13:40:00,892.75
128,2008-12-09,906.25,889.5,-1.848275862068971,869.8882322534855,916.9069837848625,14:35:00,884.5
129,2008-12-10,890.5,895.75,0.589556428972493,874.5903718437609,915.874935795357,14:25:00,884.5
130,2008-12-12,871.25,885.5,1.63558106169297,876.5604968540878,912.4733952080535,09:35:00,846.0
131,2008-12-16,872.5,912.75,4.613180515759319,882.4991755800091,910.6204843018733,09:35:00,875.75
132,2008-12-17,913.5,903.0,-1.1494252873563204,886.2265982018257,910.2487533603183,10:15:00,894.5
133,2008-12-18,907.0,892.5,-1.5986769570010995,887.3672167105846,909.3829605134734,15:30:00,873.5
134,2008-12-30,870.25,888.25,2.0683711577133,876.7955204807821,898.4048012726226,10:05:00,868.75
135,2008-12-31,888.0,900.0,1.3513513513513598,881.0145167570034,898.4826158446898,09:35:00,886.5
136,2009-01-02,900.0,925.5,2.833333333333332,889.1027864375482,899.8005370229976,09:55:00,896.5
137,2009-01-05,924.75,927.5,0.29737766964044177,896.0840979943575,901.1517303389488,10:00:00,916.5
138,2009-01-06,927.25,930.5,0.35049878673496515,902.3415347226562,902.5833532492439,11:10:00,924.5
139,2009-01-28,840.25,871.5,3.7191312109491115,846.6206839980864,874.4161478958805,10:00:00,856.5
140,2009-02-05,830.5,840.5,1.2040939193256994,836.407941597623,863.2864993810106,10:05:00,816.75
141,2009-02-06,841.25,867.75,3.150074294205063,842.1064976707823,863.5042311185223,09:35:00,842.25
142,2009-02-09,868.0,865.0,-0.3456221198156695,846.268952639731,863.5771954542041,10:10:00,859.0
143,2009-03-10,674.75,716.0,6.113375324194137,713.9207654042984,785.1694852044869,09:35:00,688.5
144,2009-03-11,715.75,720.5,0.663639538945171,715.1169898762441,782.0148761701216,14:30:00,713.25
145,2009-03-12,717.5,748.5,4.32055749128919,721.1866280805634,780.380004161823,09:50:00,710.75
146,2009-03-13,747.75,754.5,0.9027081243731194,727.2436047931883,779.1175649344169,12:25:00,739.0
147,2009-03-16,750.75,754.0,0.43290043290042934,732.1084039216995,777.8923178644453,16:00:00,749.5
148,2009-03-17,753.5,775.25,2.8865295288653003,739.9523304813905,777.7634243100822,09:50:00,746.0
149,2009-03-18,776.0,791.5,1.997422680412364,749.3246340302285,778.433501173005,10:40:00,761.75
150,2009-03-19,790.75,780.0,-1.3594688586784698,754.9019732974596,778.5099157499315,16:00:00,777.25
151,2009-03-20,780.0,764.0,-2.051282051282055,756.5561599706487,777.802114981642,14:10:00,761.5
152,2009-03-23,766.75,817.25,6.586240626018913,767.5914036123489,779.7264020557083,09:55:00,780.5
153,2009-03-24,818.0,803.5,-1.7726161369193139,774.1202393191945,780.8860897603079,16:00:00,801.25
154,2009-03-25,803.25,808.25,0.62247121070651,780.3256503520682,782.2209146500488,15:05:00,787.0
155,2009-07-13,874.75,895.5,2.3721063160903055,890.3434648206594,898.1613545975756,10:10:00,871.25
156,2009-07-14,895.5,901.5,0.670016750418756,892.3719257623576,898.3242153489134,10:50:00,892.5
157,2009-07-15,906.75,927.25,2.2608216156603245,898.7133938055653,899.7352292343322,09:40:00,912.5
158,2010-02-02,1086.0,1097.2,1.031307550644578,1096.034010597943,1106.345582253017,10:05:00,1084.25
159,2010-02-03,1097.0,1096.5,-0.04557885141294182,1096.1187359437715,1105.8653099479918,11:55:00,1090.5
160,2010-02-11,1063.5,1076.5,1.222378937470614,1074.7771994013717,1095.0958310745893,09:50:00,1057.5
161,2010-02-12,1076.25,1079.0,0.2555168408826969,1075.544981328395,1094.310668583146,09:50:00,1060.0
162,2010-02-16,1077.5,1093.25,1.4617169373549954,1078.764075632323,1094.2589286522607,09:50:00,1079.5
163,2010-02-17,1093.25,1099.5,0.5716899153898947,1082.5342436991734,1094.5145906692237,11:35:00,1092.75
164,2010-02-18,1099.75,1105.5,0.522846101386687,1086.7098357538691,1095.0504642951153,09:30:00,1095.5
165,2010-02-19,1105.5,1106.25,0.06784260515604323,1090.2625928895293,1095.5967831099877,10:05:00,1098.75
166,2010-02-22,1106.0,1107.5,0.13562386980108254,1093.3966669096149,1096.1774278363296,10:10:00,1103.5
167,2010-02-23,1107.0,1097.25,-0.8807588075880779,1094.0972729260484,1096.2297484296794,14:05:00,1090.25
168,2010-02-24,1096.75,1103.5,0.6154547526783682,1095.8068596667667,1096.5843948477436,10:25:00,1093.75
169,2010-05-12,1151.75,1169.75,1.562839157803353,1161.584976699733,1168.3147924944728,09:35:00,1156.0
170,2010-05-27,1060.0,1101.0,3.8679245283018915,1096.8359879730237,1138.401536312592,10:05:00,1082.5
171,2010-06-02,1069.25,1096.75,2.5718961889174663,1091.7392451031812,1130.9701285896408,09:55:00,1070.75
172,2010-06-03,1097.0,1103.5,0.5925250683682881,1093.87756417533,1129.6301223169753,12:30:00,1090.75
173,2010-06-10,1050.75,1079.5,2.7361408517725394,1074.4997472042337,1114.6702857520859,09:30:00,1066.75
174,2010-06-11,1079.75,1085.0,0.4862236628849326,1076.4088840761913,1113.222954739789,09:30:00,1071.75
175,2010-06-14,1087.5,1086.25,-0.11494252873562871,1078.1981778805202,1111.9072008500432,16:00:00,1084.25
176,2010-06-15,1085.75,1109.25,2.1644024867603084,1083.8439637204256,1111.7775812963823,09:40:00,1091.25
177,2010-06-16,1109.25,1109.5,0.022537750732487538,1088.508697589439,1111.6664797697294,10:35:00,1102.5
178,2010-06-17,1110.0,1111.75,0.1576576576576505,1092.7343889368137,1111.6705539273037,11:05:00,1100.75
179,2010-06-18,1111.5,1110.25,-0.11246063877642376,1095.9190454937566,1111.6012586137767,10:00:00,1109.0
180,2010-06-21,1116.0,1110.5,-0.49283154121864126,1098.5701281312554,1111.5475386813973,15:45:00,1103.25
181,2010-07-07,1024.0,1059.25,3.4423828125,1048.2394704581704,1085.143606684516,09:35:00,1024.75
182,2010-07-08,1058.75,1067.0,0.7792207792207684,1051.6504758294122,1084.2585526999055,14:25:00,1054.0
183,2010-07-09,1066.75,1072.5,0.5390203890321077,1055.4412984058827,1083.6849647633246,09:35:00,1064.25
184,2010-07-12,1071.5,1076.5,0.46663555762949116,1059.2701532411766,1083.3344786773087,11:10:00,1066.5
185,2010-07-13,1076.0,1089.75,1.2778810408921926,1064.8119435609626,1083.647430936952,09:50:00,1084.25
186,2010-07-14,1095.0,1091.0,-0.36529680365297024,1069.5734083680604,1084.0060928424666,14:30:00,1083.5
187,2010-07-15,1091.25,1090.5,-0.06872852233676952,1073.3782432102312,1084.3228688013708,10:25:00,1076.25
188,2010-07-20,1063.25,1080.0,1.5753585704208817,1071.8867312548898,1082.216258534097,09:35:00,1053.0
189,2010-07-22,1063.25,1087.75,2.3042558194215745,1073.5977291871575,1081.6409454077104,09:30:00,1077.75
190,2010-07-23,1087.25,1100.5,1.218670958841117,1078.4890511531287,1082.5608992902612,10:05:00,1084.0
191,2010-09-01,1051.75,1081.75,2.852388875683376,1063.9165195721885,1080.0015172948022,09:45:00,1061.0
192,2010-09-02,1081.5,1089.5,0.7397133610725914,1068.5680614681542,1080.464857914568,09:45:00,1079.25
193,2010-09-03,1089.75,1103.5,1.2617572837806845,1074.919323019399,1081.58852338215,11:00:00,1093.75
194,2010-09-07,1103.75,1091.25,-1.1325028312570762,1077.8885370158719,1082.059814924484,16:00:00,1089.75
195,2010-09-08,1091.5,1099.25,0.7100320659642723,1081.7724393766225,1082.898360537924,09:30:00,1092.25
196,2011-03-21,1276.25,1293.0,1.3124387855043995,1286.7752929961034,1294.551577482188,09:35:00,1287.75
197,2011-03-22,1292.5,1288.25,-0.3288201160541626,1287.0434215422663,1294.2441834586664,14:20:00,1287.5
198,2011-03-23,1287.75,1292.0,0.3300330033003229,1287.9446176254905,1294.1347110948288,10:15:00,1279.0
199,2011-03-24,1292.0,1305.25,1.0255417956656299,1291.0910507844922,1294.6769203097153,10:15:00,1292.5
200,2011-03-25,1304.5,1310.0,0.42161747796090054,1294.529041550948,1295.4243876116805,09:45:00,1305.25
201,2011-05-27,1326.5,1330.0,0.26385224274405594,1327.1396168543654,1327.1959040118581,10:15:00,1326.75
202,2011-06-21,1273.25,1288.0,1.1584527783231824,1278.0984909223434,1302.0746624615192,09:35:00,1277.5
203,2011-06-22,1287.75,1279.75,-0.6212385944476817,1278.398765300099,1300.9856545365672,16:00:00,1281.25
204,2011-06-27,1265.0,1276.25,0.8893280632411127,1275.6958676962975,1297.004201062878,09:40:00,1261.75
205,2011-06-28,1277.0,1294.5,1.3703993735317166,1279.1148008424252,1296.8820449134694,09:40:00,1278.0
206,2011-06-29,1293.5,1304.25,0.8310784692694195,1283.6848370528933,1297.2414573567148,10:10:00,1292.75
207,2011-06-30,1304.0,1315.5,0.8819018404907952,1289.4694121341854,1298.1321179734605,09:45:00,1305.5
208,2011-07-01,1314.75,1334.75,1.5212017493820174,1297.7022462916061,1299.9183561210964,09:40:00,1313.25
209,2011-08-15,1179.75,1198.5,1.5893197711379425,1194.0435706902717,1259.5204837984281,09:30:00,1184.25
210,2011-08-24,1159.0,1172.0,1.1216566005176842,1164.6709663635052,1229.1541147024361,09:35:00,1153.5
211,2011-08-26,1157.0,1176.0,1.6421780466724378,1165.664035334247,1223.2364119348038,10:10:00,1132.75
212,2011-08-29,1175.5,1208.0,2.7647809442790328,1173.361483455293,1222.493172328228,09:30:00,1189.0
213,2011-08-30,1208.0,1204.75,-0.2690397350993412,1179.0684864634216,1221.627651726851,10:10:00,1193.5
214,2011-08-31,1204.25,1217.75,1.1210296865268754,1186.1014889246176,1221.4384979840777,15:20:00,1207.5
215,2011-09-01,1218.0,1201.25,-1.375205254515599,1188.8557636655962,1220.4536932043663,16:00:00,1202.25
216,2011-09-07,1164.5,1199.0,2.962644911979395,1184.6907225486248,1214.5508644272397,09:40:00,1177.75
217,2011-09-14,1165.5,1182.25,1.4371514371514404,1174.402310297817,1204.1629841781646,10:25:00,1155.25
218,2011-09-15,1182.25,1204.25,1.8608585324592974,1179.829162970941,1204.1672288524005,11:05:00,1184.0
219,2011-09-16,1203.0,1211.75,0.727348295926844,1185.632951521679,1204.537120127893,11:00:00,1197.5
220,2011-09-19,1199.25,1197.75,-0.1250781738586615,1187.83605124501,1204.2060410972642,10:20:00,1181.5
221,2011-09-20,1196.75,1196.0,-0.06266973052015956,1189.320405564099,1203.8057464095928,09:55:00,1194.5
222,2011-09-27,1157.5,1169.5,1.0367170626349953,1164.5915059711176,1191.4706642884191,16:00:00,1162.75
223,2011-10-06,1135.0,1157.5,1.982378854625555,1140.315647008135,1173.8378481050422,10:00:00,1129.0
224,2011-10-07,1157.25,1155.0,-0.19442644199610948,1142.9855293702922,1172.9189286852838,13:10:00,1144.75
225,2011-10-10,1157.75,1191.0,2.871949902828752,1151.7154331211482,1173.8009321640504,09:30:00,1169.5
226,2011-10-11,1190.5,1189.5,-0.08399832003359586,1158.5853543718486,1174.5667403511698,09:50:00,1182.0
227,2011-10-12,1187.5,1198.25,0.9052631578947423,1165.7971081224214,1175.7220213096493,09:50:00,1197.75
228,2011-10-13,1198.5,1198.0,-0.04171881518565401,1171.65217937289,1176.8087519774713,11:05:00,1185.25
229,2011-11-30,1195.0,1246.0,4.267782426778233,1205.930370596857,1213.0808625085624,09:40:00,1226.5
230,2011-12-01,1243.75,1243.5,-0.020100502512565566,1212.7612123065194,1214.5647228739983,11:35:00,1238.75
231,2012-05-29,1322.0,1333.5,0.8698940998487226,1324.1754010640213,1350.0079704117761,13:35:00,1321.5
232,2012-06-06,1285.25,1315.5,2.3536276988912697,1303.2839088334324,1335.5135874348084,09:30:00,1293.0
233,2012-06-07,1308.75,1310.0,0.09551098376312517,1304.505016318263,1334.2690221940861,15:55:00,1305.25
234,2012-06-08,1309.5,1322.0,0.9545628102329173,1307.685922442215,1333.6705333065697,09:45:00,1300.25
235,2012-06-12,1301.0,1320.0,1.460415065334364,1308.8186753538794,1331.452933467753,10:40:00,1299.0
236,2012-06-14,1309.0,1326.25,1.3177998472116093,1311.9777909393738,1330.1456941132967,09:45:00,1307.25
237,2012-06-15,1325.25,1337.5,0.9243538954914143,1316.6181925867604,1330.5044407419164,09:40:00,1325.5
238,2012-06-18,1345.25,1341.0,-0.3159264077309043,1321.0512484800765,1331.0164192423108,09:35:00,1327.25
239,2012-06-19,1340.75,1350.5,0.72720492261793,1326.4055669382444,1331.9668378158567,09:45:00,1343.75
240,2012-06-20,1350.0,1350.75,0.05555555555556424,1330.831827494927,1332.8830896297175,12:35:00,1338.75
241,2012-06-27,1315.75,1325.5,0.7410222306669212,1323.1885215350908,1329.7099760632273,09:30:00,1316.5
242,2012-06-29,1322.0,1356.5,2.6096822995461455,1329.1427292920855,1330.6822567472746,09:40:00,1342.75
243,2012-11-01,1402.0,1423.25,1.515691868758906,1416.2853619131974,1423.5624065312836,09:35:00,1409.0
244,2012-11-06,1411.0,1425.25,1.0099220411055931,1415.9650855257105,1422.3109921943847,09:35:00,1415.0
245,2012-11-19,1360.75,1382.5,1.5983832445342738,1376.198233575571,1403.3074596659549,09:30:00,1371.25
246,2012-11-20,1380.0,1386.25,0.45289855072463414,1378.0258274709217,1402.4753884627376,13:30:00,1374.0
247,2012-11-21,1386.0,1388.25,0.16233766233766378,1379.8847679307542,1401.7814670743112,10:30:00,1383.5
248,2012-11-23,1389.0,1405.25,1.1699064074873977,1384.4966283069805,1401.9506638023934,09:40:00,1393.75
249,2012-11-26,1403.25,1403.25,0.0,1387.9063322511658,1402.014046055935,11:30:00,1395.0
250,2012-11-27,1404.0,1397.5,-0.462962962962965,1389.6506354782264,1401.793848687353,16:00:00,1395.5
251,2012-11-28,1397.5,1407.0,0.6797853309481239,1392.805065391276,1402.0478072879698,10:10:00,1383.0
252,2012-11-29,1406.75,1415.75,0.6397725253243225,1396.9768716837714,1402.716206932459,11:45:00,1407.0
253,2012-11-30,1411.5,1414.5,0.2125398512220933,1400.1628950139948,1403.2910261064853,11:35:00,1410.0
254,2012-12-03,1413.25,1407.0,-0.44224305678400855,1401.4060050114501,1403.4719516622665,15:20:00,1406.5
255,2012-12-04,1406.0,1405.5,-0.035561877667145136,1402.1503677366409,1403.5708808494728,13:05:00,1401.5
256,2012-12-05,1402.75,1408.25,0.39208697201924547,1403.2593917845243,1403.7991305641326,11:00:00,1396.75
257,2013-06-27,1596.75,1606.5,0.6106153123532243,1601.6577219400215,1611.4618826914643,12:30:00,1605.25
258,2013-07-01,1600.25,1606.75,0.4061865333541581,1602.2254171664604,1610.6653917749654,15:55:00,1606.0
259,2013-07-02,1606.75,1607.25,0.031118717908817928,1603.1389776816493,1610.4987872981378,14:50:00,1600.25
260,2013-07-03,1607.0,1609.0,0.12445550715618481,1604.2046181031674,1610.4256757226187,09:35:00,1597.25
261,2013-07-05,1609.0,1627.25,1.134244872591661,1608.3946875389552,1611.2463744678566,10:25:00,1608.25
262,2013-08-23,1655.5,1661.5,0.36242826940502404,1660.601016959089,1662.1621176286742,10:05:00,1652.25
263,2013-09-04,1638.0,1653.5,0.9462759462759429,1645.3359946389237,1655.4647813267302,09:40:00,1635.25
264,2013-09-05,1654.75,1653.0,-0.10575615651911008,1646.7294501591193,1655.3445480912799,09:35:00,1651.25
265,2013-09-06,1652.0,1653.5,0.09079903147699575,1647.9604592210976,1655.2545701356078,10:05:00,1638.75
266,2013-09-09,1652.0,1669.0,1.0290556900726333,1651.785830271807,1655.9250789094806,09:30:00,1658.25
267,2013-10-10,1648.5,1685.0,2.214134061267825,1673.297184259619,1673.8325359753478,09:30:00,1666.5
268,2014-02-07,1768.0,1793.5,1.4423076923076872,1774.0240682779445,1793.4930633177046,10:30:00,1772.25
269,2014-02-10,1793.0,1794.75,0.09760178471835967,1777.7924195001362,1793.5543773022066,11:05:00,1786.75
270,2014-02-11,1795.25,1813.5,1.016571508146491,1784.2847068637477,1794.527334506977,09:30:00,1795.25
271,2014-02-12,1813.25,1817.0,0.20681097476906718,1790.23294197943,1795.6235620920027,11:55:00,1812.0
272,2014-02-13,1816.75,1824.25,0.4128250997660565,1796.4178616195336,1797.0199736972706,09:35:00,1803.0
273,2014-04-16,1842.75,1852.75,0.5426672093338691,1843.3676774815576,1844.6788998205966,11:05:00,1840.75
274,2014-08-11,1923.5,1932.5,0.46789706264622755,1930.766780771632,1941.682751946255,14:05:00,1931.25
275,2014-08-13,1932.25,1944.75,0.6469142191745325,1933.2694978719187,1941.3134834683246,10:20:00,1934.0
276,2014-08-14,1946.0,1953.5,0.3854059609455396,1936.9477709861153,1941.907947689382,10:10:00,1944.0
277,2014-08-15,1954.25,1952.5,-0.0895484201100194,1939.7754489886397,1942.4246331679485,12:00:00,1937.25
278,2014-10-08,1926.25,1961.75,1.8429591174562,1957.3744566297798,1969.2759242317522,11:05:00,1918.0
279,2014-10-20,1884.0,1900.0,0.849256900212314,1893.812504015491,1939.4636187197243,09:30:00,1874.0
280,2014-10-21,1903.5,1938.0,1.812450748620953,1901.8465941944924,1939.3922226846157,09:35:00,1908.75
281,2014-10-22,1938.25,1925.0,-0.6836063459306096,1906.0563043409481,1938.6901630414638,16:00:00,1920.25
282,2014-10-23,1924.5,1946.0,1.1171732917640842,1913.3187944607755,1939.0467404540755,09:55:00,1937.0
283,2014-10-24,1946.0,1959.75,0.7065775950668041,1921.7608318315433,1940.0566555538765,10:10:00,1939.0
284,2014-10-27,1960.25,1957.0,-0.16579517918632325,1928.167953316717,1940.8831601610043,10:05:00,1944.5
285,2014-10-28,1957.75,1980.0,1.1365087472864355,1937.5919618045866,1942.7912986897356,09:45:00,1961.5
286,2014-10-29,1976.0,1972.25,-0.1897773279352255,1943.8934232946617,1944.2283085097486,14:20:00,1962.0
287,2015-01-21,2015.75,2026.5,0.5333002604489545,2020.4612949054513,2029.0363819694294,09:40:00,2005.25
288,2015-01-22,2026.75,2056.5,1.467867275194279,2027.0137867408237,2030.3760706538474,09:50:00,2019.25
289,2015-01-23,2056.5,2044.0,-0.6078288353999484,2030.102189151583,2031.0406525731719,16:00:00,2044.0
290,2015-02-03,2015.0,2042.0,1.3399503722084427,2022.221593762591,2027.7125338551862,12:05:00,2021.0
291,2015-02-04,2040.5,2030.0,-0.5145797598627766,2023.6358494421197,2027.8241175695673,15:50:00,2030.25
292,2015-04-06,2039.5,2073.25,1.6548173571953928,2065.088488369785,2067.445530623043,09:35:00,2047.0
293,2015-04-07,2071.5,2067.75,-0.1810282404055008,2065.5723995752783,2067.4603827877727,16:00:00,2067.5
294,2015-04-08,2068.5,2076.0,0.36258158085569203,2067.4683269252273,2067.876949481052,14:15:00,2065.75
295,2015-06-10,2080.75,2107.0,1.2615643397813292,2099.6438023739006,2099.8431225715285,09:35:00,2086.75
296,2015-06-18,2089.0,2114.75,1.232647199617043,2096.0749909133174,2098.0482964757575,09:30:00,2095.5
297,2015-06-19,2114.75,2097.75,-0.8038775268944365,2096.3795380199867,2098.0337454281594,16:00:00,2099.75
298,2015-07-10,2044.75,2069.0,1.185964054285371,2065.1595538690417,2084.6094054170867,10:50:00,2059.5
299,2015-07-13,2054.75,2094.5,1.9345419150748278,2070.4941804383066,2085.0918734455213,09:30:00,2084.0
300,2015-07-14,2094.0,2102.0,0.3820439350525229,2076.222511267705,2085.9166601067154,09:35:00,2091.5
301,2015-07-15,2102.5,2104.25,0.08323424494649512,2081.3184183099406,2086.8109693698025,15:00:00,2095.0
302,2015-07-16,2104.0,2117.0,0.6178707224334667,2087.805978617224,2088.2836050103,09:40:00,2110.75
303,2015-08-10,2072.0,2099.75,1.3392857142857206,2089.525238216777,2091.0395731223807,09:30:00,2086.0
304,2015-08-14,2079.25,2089.5,0.4929662137790114,2086.562535888277,2089.7017646162612,11:20:00,2076.0
305,2015-08-17,2089.5,2099.25,0.4666188083273459,2088.869347544954,2090.1675321959556,09:35:00,2074.75
306,2015-08-18,2098.25,2094.0,-0.20254974383414615,2089.802193445871,2090.354481844933,13:55:00,2090.25
307,2015-08-27,1941.25,1989.25,2.472633612363162,1985.8999892998115,2051.703191593912,15:10:00,1944.25
308,2015-08-28,1988.25,1989.75,0.07544322897019562,1986.5999912453,2048.6810846868916,13:45:00,1971.5
309,2015-09-08,1916.75,1965.75,2.556410590843883,1957.3680276588798,2021.628573978112,10:45:00,1944.0
310,2015-09-15,1943.5,1970.0,1.3635194237200832,1953.864261415509,2005.7698418851776,09:50:00,1943.5
311,2015-09-16,1970.25,1988.0,0.9009009009008917,1960.0707593399618,2004.903020329803,10:05:00,1967.0
312,2015-09-17,1986.5,1977.25,-0.46564309086333244,1963.1942576417869,2003.554092508837,15:25:00,1975.5
313,2015-09-21,1949.25,1963.0,0.7053995126330648,1961.270536107312,1999.1140837037126,13:00:00,1944.25
314,2015-10-01,1902.5,1916.75,0.7490144546649091,1916.5600689916448,1968.9654609736738,12:10:00,1890.25
315,2015-10-02,1917.0,1943.0,1.3562858633281216,1921.367329174982,1967.6988531212994,09:55:00,1883.0
316,2015-10-05,1941.0,1974.75,1.7387944358578045,1931.073269324985,1968.042811505626,09:30:00,1955.25
317,2015-10-06,1973.0,1968.5,-0.22807906741003636,1937.8781294477149,1968.0651133834003,12:40:00,1962.5
318,2015-10-07,1961.0,1987.25,1.3386027536970824,1946.8548331844938,1969.0009615110393,11:30:00,1967.5
319,2015-10-08,1987.75,2006.5,0.9432775751477829,1957.6994089691311,1970.8301829007446,09:45:00,1978.75
320,2015-10-09,2004.0,2007.5,0.17465069860278515,1966.7540618838345,1972.618954466562,13:15:00,1998.75
321,2015-12-16,2037.5,2063.75,1.2883435582822012,2047.212124626189,2051.7562440716615,14:05:00,2031.0
322,2015-12-22,2017.0,2036.0,0.9419930589985137,2031.4247831208538,2045.5107893206068,10:20:00,2010.5
323,2015-12-23,2034.0,2053.0,0.9341199606686335,2035.347549826153,2045.8761166708211,09:40:00,2041.75
324,2015-12-24,2052.75,2051.25,-0.073072707343802,2038.238904403216,2046.1382573210249,13:15:00,2049.5
325,2015-12-28,2051.25,2048.75,-0.12187690432663434,2040.1500126935402,2046.265659402926,11:00:00,2035.25
326,2015-12-29,2049.75,2072.75,1.122088059519455,2046.0772831128966,2047.5575784564417,09:30:00,2060.75
327,2015-12-30,2072.0,2054.5,-0.8445945945945943,2047.608686183279,2047.8962331658834,15:40:00,2053.5
328,2016-01-26,1871.75,1896.0,1.2955790036062398,1895.0947278566537,1968.9062157949108,09:55:00,1874.5
329,2016-01-29,1878.75,1930.0,2.727877578176985,1896.8614249492864,1958.7730345575121,09:30:00,1892.5
330,2016-02-01,1929.75,1931.25,0.07773027594248916,1903.1138931403252,1957.4304475059262,10:05:00,1912.5
331,2016-02-03,1895.0,1908.5,0.7124010554089732,1903.2580606972422,1952.262766601138,10:40:00,1865.0
332,2016-02-04,1907.75,1907.75,0.0,1904.074776934107,1950.0914121327899,09:50:00,1893.75
333,2016-02-16,1865.25,1888.75,1.2598847339498676,1869.4855611036483,1922.4576795694215,11:10:00,1870.25
334,2016-02-17,1888.25,1922.75,1.8270885740765186,1879.1700045393486,1922.4719391026204,09:30:00,1903.5
335,2016-02-18,1926.75,1916.5,-0.5319839107305047,1885.957276441285,1922.1806250000534,15:55:00,1911.25
336,2016-02-19,1917.5,1914.5,-0.15645371577575062,1891.1468625428697,1921.8059603659044,10:10:00,1898.5
337,2016-02-22,1911.0,1936.25,1.321297749869177,1899.3474329896205,1922.5105476651286,09:35:00,1932.0
338,2016-02-23,1934.0,1916.0,-0.9307135470527417,1902.375172446053,1922.1929599741466,15:10:00,1915.75
339,2016-02-24,1914.0,1930.25,0.8490073145245525,1907.443322910407,1922.5859863168712,10:35:00,1886.75
340,2016-02-25,1933.0,1950.5,0.9053285049146487,1915.2718096539693,1923.9476455209262,10:15:00,1922.0
341,2016-02-26,1949.0,1942.75,-0.32067727039507554,1920.2678442623385,1924.8648335442956,14:45:00,1943.0
342,2016-02-29,1943.0,1929.5,-0.6948018528049382,1921.9464180328223,1925.0909392250614,16:00:00,1927.75
343,2016-06-29,2028.25,2066.75,1.8981880931837836,2053.2768925692076,2064.887465153886,09:30:00,2041.5
344,2016-06-30,2072.25,2090.25,0.8686210640608039,2059.9992757384425,2066.1246619756475,10:00:00,2061.0
345,2016-07-01,2086.5,2096.25,0.4672897196261738,2066.590316513271,2067.5941906597623,09:30:00,2088.75
346,2016-09-21,2130.0,2156.25,1.232394366197176,2142.775678847958,2151.5518602755383,12:40:00,2131.5
347,2016-09-22,2156.25,2168.25,0.5565217391304333,2147.4073736028745,2152.3664036767314,14:25:00,2164.25
348,2016-09-23,2168.25,2158.0,-0.4727314654675463,2149.333305675079,2152.641213253476,14:00:00,2156.0
349,2016-09-27,2139.25,2152.75,0.6310622881851025,2148.5289071048046,2152.0483553590343,09:35:00,2132.75
350,2016-09-28,2152.0,2163.25,0.5227695167286273,2151.2054694493854,2152.5947770488374,11:10:00,2144.0
351,2016-09-30,2145.75,2160.5,0.6874053361295651,2152.492917565291,2152.7903961280676,09:55:00,2150.5
352,2016-10-03,2158.75,2153.25,-0.2547770700636942,2152.630568917056,2152.8128158291374,12:30:00,2146.75
353,2016-10-05,2144.25,2153.25,0.41972717733473885,2151.57087671307,2152.4600195574767,09:30:00,2148.5
354,2016-10-06,2153.25,2156.5,0.1509346336932449,2152.467080947057,2152.657091774185,11:15:00,2143.25
355,2016-10-19,2131.5,2138.0,0.3049495660333079,2136.2292524386667,2146.099688139211,10:10:00,2132.25
356,2016-10-20,2137.5,2137.0,-0.023391812865491968,2136.369388358909,2145.655800912908,11:00:00,2126.75
357,2016-10-24,2137.0,2144.25,0.33926064576508264,2137.5613260915006,2145.0811857159624,12:45:00,2140.5
358,2016-10-25,2144.75,2138.0,-0.3147219955705771,2137.641084983955,2144.7357620225007,12:20:00,2135.25
359,2016-11-07,2106.0,2129.0,1.0921177587844166,2110.9263779581756,2131.6422241390615,09:35:00,2108.0
360,2016-11-08,2129.0,2135.5,0.30530765617660105,2115.3943092385075,2131.8304083273997,09:55:00,2119.0
361,2016-11-09,2138.0,2160.25,1.0406922357343307,2123.5498893769604,2133.2167298724044,09:30:00,2115.0
362,2016-11-10,2159.5,2167.25,0.35887937022458516,2131.495364035695,2134.8768893908236,10:40:00,2147.75
363,2017-08-22,2428.0,2452.75,1.019357495881379,2448.0809827954718,2448.650928775161,09:30:00,2432.75
364,2017-08-29,2434.0,2447.0,0.534100246507796,2445.2946392949425,2447.4542027521243,09:35:00,2426.25
365,2017-08-30,2446.5,2455.75,0.37809115062334975,2447.195613968589,2447.858875788606,09:40:00,2442.75
366,2018-02-14,2662.5,2697.0,1.2957746478873267,2687.8238977819856,2717.0073271727197,09:30:00,2639.75
367,2018-02-15,2695.5,2734.0,1.4283064366536813,2696.2195527307153,2717.836238042343,11:05:00,2688.5
368,2018-02-16,2734.0,2735.0,0.036576444769576,2703.270543143313,2718.6734947232044,09:30:00,2722.25
369,2018-02-20,2734.5,2714.0,-0.749680014627907,2705.221353480892,2718.4455193708527,15:25:00,2705.75
370,2018-02-22,2698.5,2711.5,0.4817491198814139,2705.400244892167,2717.192822702598,15:55:00,2696.5
371,2018-02-23,2712.75,2748.75,1.3270666298037082,2713.2820185481364,2718.73219720491,10:35:00,2712.75
372,2018-03-05,2683.25,2718.5,1.313705394577469,2714.197540597947,2719.0820906901854,09:30:00,2672.75
373,2018-03-06,2719.0,2724.0,0.18389113644723398,2715.979805943775,2719.3219887052983,11:45:00,2710.25
374,2018-03-07,2700.0,2723.25,0.8611111111111125,2717.301659408543,2719.5135990123567,09:30:00,2700.25
375,2018-04-04,2612.0,2647.0,1.3399693721286354,2640.832778196563,2691.7731153321824,09:35:00,2571.25
376,2018-04-05,2645.75,2661.75,0.6047434564868226,2644.6359094335517,2690.3085731208566,13:45:00,2649.0
377,2018-04-10,2617.75,2655.0,1.4229777480660788,2637.973762567287,2681.545214796014,12:30:00,2635.0
378,2018-04-11,2654.5,2641.0,-0.5085703522320628,2638.523987555053,2679.567399440111,09:30:00,2637.5
379,2018-04-12,2642.5,2664.0,0.8136234626300753,2643.1559898177707,2678.808014101569,09:35:00,2655.0
380,2018-04-13,2661.75,2657.25,-0.16906170752324368,2645.71853712363,2677.7564036575895,15:20:00,2644.75
381,2018-04-16,2673.25,2681.75,0.31796502384737746,2652.2697121920605,2677.9512132352684,09:45:00,2666.0
382,2018-04-17,2679.25,2706.5,1.0170756741625375,2662.1297645207765,2679.343836979889,09:40:00,2692.5
383,2018-04-18,2704.5,2709.75,0.19412090959511907,2670.787989153362,2680.8270644442846,10:15:00,2703.75
384,2018-04-19,2711.75,2693.0,-0.691435419931774,2674.8265365800235,2681.4208661787097,13:40:00,2681.5
385,2018-04-26,2648.25,2674.5,0.9912206173888327,2664.811601036403,2676.5090114068234,09:40:00,2645.5
386,2018-04-27,2675.5,2671.5,-0.14950476546440328,2666.0276735752386,2676.2646693869783,11:00:00,2657.75
387,2018-05-04,2631.75,2663.0,1.18742281751687,2652.766360326506,2669.2227705139403,09:35:00,2612.25
388,2018-05-07,2662.75,2670.0,0.27227490376491303,2655.89974935805,2669.260684147406,15:25:00,2662.5
389,2018-05-08,2668.0,2670.25,0.08433283358320054,2658.5088858384042,2669.3089434572885,14:45:00,2652.25
390,2018-05-09,2669.75,2696.0,0.9832381309111238,2665.325452049603,2670.6109462154695,11:00:00,2672.0
391,2018-11-01,2706.0,2738.0,1.182557280118246,2717.3088414433682,2797.464948364555,10:10:00,2707.75
392,2018-11-02,2724.0,2724.25,0.009177679882532708,2718.5708702718466,2793.893487468723,13:10:00,2699.5
393,2018-11-05,2722.5,2739.5,0.6244260789715295,2722.376166586056,2791.2401466165898,10:25:00,2717.0
394,2018-11-06,2739.0,2759.0,0.7301935012778316,2729.0350453885912,2789.6674565377316,09:30:00,2734.5
395,2018-11-07,2756.75,2816.5,2.1674072730570426,2744.937764408847,2790.9763610968666,10:10:00,2774.25
396,2018-11-08,2815.75,2808.75,-0.24860161591050423,2756.5399890617837,2791.843367872629,14:45:00,2795.0
397,2018-11-09,2804.0,2779.0,-0.891583452211131,2760.6236274141866,2791.2168621227447,14:25:00,2764.5
398,2018-11-16,2731.75,2743.0,0.4118239223940723,2739.994902702747,2776.9310577930833,09:40:00,2713.25
399,2018-11-28,2686.25,2741.5,2.0567705909725564,2695.8756469723207,2746.7316297723646,10:35:00,2684.25
400,2018-11-29,2738.0,2744.25,0.22826880934989635,2704.670983886444,2746.6105746615176,10:55:00,2723.25
401,2018-11-30,2742.0,2758.25,0.5926331145149621,2714.4126231798177,2747.178351507297,09:40:00,2733.25
402,2018-12-03,2793.5,2790.75,-0.09844281367460406,2728.2921462380327,2749.3037977752338,11:50:00,2773.5
403,2018-12-31,2495.5,2505.25,0.39070326587857807,2500.6019451197326,2621.588744179146,11:35:00,2482.75
404,2019-01-02,2508.0,2511.0,0.11961722488038617,2502.4925005525083,2616.1941712923585,09:30:00,2465.25
405,2019-01-04,2451.75,2531.25,3.242581829305591,2499.5776243368027,2604.2345833049835,09:35:00,2478.75
406,2019-01-07,2537.25,2550.5,0.5222189378263797,2508.836238093748,2601.6133841193746,09:55:00,2524.5
407,2019-01-08,2553.25,2572.5,0.7539410555174708,2520.4114675312485,2600.1932190403804,10:55:00,2547.5
408,2019-01-09,2569.5,2582.5,0.505935006810665,2531.7002916164756,2599.330135184752,10:50:00,2569.0
409,2019-01-10,2580.0,2594.0,0.5426356589147252,2543.0275113225707,2599.0701285903738,10:00:00,2562.0
410,2019-01-11,2594.0,2595.0,0.03855050115650904,2552.477054718467,2598.8715857323064,10:00:00,2577.0
411,2019-01-14,2588.5,2580.5,-0.30905930075333377,2557.5721356787453,2597.9754108185352,09:40:00,2570.75
412,2019-01-15,2581.5,2605.5,0.9296920395119201,2566.286292828064,2598.3424639493383,09:30:00,2583.75
413,2019-01-16,2605.75,2613.25,0.28782500239854514,2574.8251486775066,2599.069660829858,10:50:00,2612.5
414,2019-01-17,2614.5,2635.25,0.7936507936507908,2585.811485281596,2600.8345554235234,09:30:00,2604.75
415,2019-01-18,2636.75,2671.5,1.3179103062482156,2601.3912152303965,2604.2816502809123,10:05:00,2647.0
416,2019-06-04,2754.0,2805.0,1.85185185185186,2801.088885658714,2843.5925078402693,09:55:00,2764.0
417,2019-06-05,2806.5,2827.75,0.757170853376099,2805.936360993493,2842.819702579768,10:55:00,2801.0
418,2019-06-06,2820.5,2845.75,0.8952313419606561,2813.1752044492214,2842.9626439173403,10:35:00,2823.25
419,2019-06-07,2840.0,2875.0,1.232394366197176,2824.4160763675445,2844.525441775031,09:35:00,2854.75
420,2019-06-10,2893.25,2889.25,-0.13825282986260623,2836.2040624825363,2846.7071275421026,16:00:00,2886.25
421,2019-06-11,2890.25,2887.0,-0.11244702015396069,2845.4396874857116,2848.6726335156586,13:00:00,2879.25
422,2019-08-08,2879.0,2940.0,2.1187912469607495,2931.6734016285786,2946.6734758205002,09:55:00,2892.5
423,2019-08-13,2882.25,2932.0,1.7260820539509059,2922.6317879693715,2941.6872493462984,09:35:00,2875.75
424,2019-08-19,2893.0,2923.75,1.0629104735568662,2901.0270583202678,2930.132679945313,10:15:00,2915.5
425,2019-08-21,2893.25,2929.25,1.2442754687635116,2905.745386148278,2928.610235691149,14:05:00,2918.0
426,2019-08-22,2931.25,2922.25,-0.30703624733475765,2908.7462250304093,2928.2999802915806,11:00:00,2904.25
427,2019-08-29,2883.25,2926.75,1.508714124685695,2897.05276801647,2918.865013216027,10:40:00,2905.25
428,2019-08-30,2923.25,2924.75,0.05131275121867951,2902.0886283771115,2919.152085742074,11:30:00,2913.25
429,2019-09-03,2901.0,2906.0,0.17235436056532993,2902.799786854,2918.5105205839245,10:20:00,2891.0
430,2019-09-04,2903.0,2938.5,1.2228728901136687,2909.2907346987267,2919.4856171408064,10:15:00,2921.5
431,2019-09-05,2938.0,2972.0,1.1572498298161982,2920.692419298958,2922.04729435345,09:35:00,2964.5
432,2019-10-04,2911.5,2951.0,1.3566889919285563,2949.1238777557446,2953.6142744526337,09:35:00,2917.5
433,2019-10-10,2920.5,2941.0,0.7019346002396842,2935.116164329994,2948.0188291592863,09:35:00,2915.75
434,2019-10-11,2949.0,2970.75,0.7375381485249299,2941.595043542722,2949.1276667612724,09:30:00,2967.25
435,2019-10-14,2968.0,2965.5,-0.08423180592992408,2945.9413992622267,2949.9263171631615,09:30:00,2961.0
436,2020-03-26,2471.0,2608.0,5.544314042897613,2498.31017831724,2842.4102669492645,09:30:00,2482.25
437,2020-03-27,2627.75,2524.0,-3.948244696032732,2502.9810549868325,2826.878058805398,09:50:00,2505.25
438,2020-03-30,2459.0,2611.25,6.1915412769418365,2522.666317716499,2816.3596169124517,09:45:00,2532.25
439,2020-03-31,2613.25,2569.75,-1.6645938964890417,2531.2269872225897,2804.3298795020883,15:25:00,2558.5
440,2020-04-02,2459.0,2516.5,2.338348922326139,2516.168479049832,2773.755352006351,09:30:00,2438.0
441,2020-04-06,2485.0,2644.5,6.418511066398391,2534.530138868069,2753.9472875679116,09:40:00,2564.0
442,2020-04-07,2645.5,2642.0,-0.13230013230013382,2554.0701136193293,2748.486444271916,16:00:00,2647.5
443,2020-04-08,2640.5,2735.0,3.5788676387047857,2586.966456597633,2747.8285689415784,10:10:00,2653.5
444,2020-04-09,2737.75,2779.75,1.5341064742945942,2622.018009943518,2749.385711920038,15:00:00,2752.25
445,2020-04-13,2811.0,2759.25,-1.840981856990398,2646.969280862878,2749.866896704426,11:10:00,2711.0
446,2020-04-14,2760.0,2843.0,3.007246376811601,2682.6112297969,2754.409974913966,09:35:00,2796.25
447,2020-04-15,2843.75,2775.0,-2.41758241758242,2699.409188015645,2755.4143663815776,10:40:00,2751.25
448,2020-04-16,2767.75,2787.5,0.7135760093939014,2715.425699285528,2756.979519241013,10:15:00,2754.75
449,2020-04-17,2863.0,2870.0,0.24449877750611915,2743.5301175972504,2762.492713424378,11:30:00,2821.0
450,2020-04-20,2861.5,2806.5,-1.9220688450113599,2754.979187125023,2764.639410330506,15:10:00,2810.75
451,2020-04-22,2737.25,2788.5,1.8723171065850863,2757.6554889018744,2764.2888418279,10:20:00,2766.25
452,2020-04-23,2790.5,2780.75,-0.34939974914889316,2761.8544909197153,2765.091825153368,14:15:00,2785.0
